احمد,Ahmad
چراغیان,Cheraghian
سجاد,Sajad
باقری,Bagheri
سالم,Salem
امیر,Amir
سنجریان,Sanjarian
ساسان,Sasan
عیدی,Eydi
وندی,Vandi
زیبا,Ziba
خوشگوار,Khoshgavar
روانبخش,Ravanbakhsh
امامی راد,Emamirad
رضا,Reza
نیسی,Neisy
منصوری,Mansouri
معظمی,Moazemi
گودرزی,Goudarzi
علیپور,Alipour
احسان,Ehsan
عبدالله نژاد,Abdollahnejad
عباسی,Abbasi
عباس,Abbas
ساقی,Saghi,
حسنوند,Hassanvand
تاریوردی,Tariverdi
پذیرش,Paziresh
رسول,Rasoul
امانی,Amani
رزاق,Razzagh
ناصرزاده,Naserzadeh
رحیم,Rahim
امین ابادی,Aminabadi
رامین,Ramin
لمسه,Lamseh
دانیال,Danial
استواری,Ostavari
شیری,Shiri
خالد,Khaled
غزلاوی,Ghazlavi
حیدرعلی,Heydar Ali
رمضان,Ramezan
نژاد,Nejad
حمیدرضا,Hamidreza
قبولی,Ghabouli
حسنی,Hosseini
حمید,Hamid
طاحری,Taheri
شریفی,Sharifi
رسولی,Rasouli
حمزه,Hamzeh
فرجی,Faraji
علی,Ali
نعمتی,Nemati
سواری,Savari
احد,Ahad
بشاره,Bashareh
دورقی,Doraghi
البریهی,Albereihi
حسین,Hossein
کریمی,Karimi
علویجه,Alvijeh
قدمی,Ghadami
قاسمی,Ghasemi
حیدری,Heidari
ابروی,Abrouy
حسن,Hassan
علیزاده,Alizadeh
طاووسی,Tavousi
صحرایی,Sahrayee
ابوالفضل,Abolfazl
شعبانی,Sha'bani
حسام,Hessam
بارانی راد,Baranirad
چنعانی,Chan'ani
نام کوچک نامشخص,first name unidentified
جواد,Javad
نظری,Nazari
فتح ابادی,Fathabadi
شیازی,Shiazi
بابایی زاده,Babaeizadeh
جلیل,Jalil
امام قلی,Emamgholi
جبار,Jabar
تجاره,Tejareh
جاوید,Javeed
میرزایی,Mirzaie
پویا,Pouya
بختیاری,Bakhtiari
پوریا,Pouria
ناصریخواه,Naserikhah
ابراهیم,Ebrahim
پور,Pour
پژمان,Pejman
قلیپور,Gholipour
ملاطی,Malati
پدرام,Pedram
جعفری,Ja'fari
کمیجانی,Kamijani
بهمن,Bahman
بهزاد,Behzad
معینی فر,Moinifar
صفرزاده,Safarzadeh
بهروز,Behrouz
ملکی,Maleki
اصغرپور,Asqarpour
بنی رشید,Bani Rashid
برهان,Borhan
منصورنیا,Mansournia
ایوب,Ayoub
بهرامیان,Bahramian
امیررضا,Amirreza
امیرحسین,Amirhossein
کبیری,Kabiri
داودوند,Davoud Vand
الوندی,Alvandi
مهر,Mehr
شاهپور,Shahpour
اوجانی,Ojani
امید,Omid
فلاحتی,Falahati
صالحی,Salehi
امنه,Ameneh
شهبازی فرد,Shahbazifard
الخمیسی,Alkhamisi
ینوس,Younes
جلیلی,Jalili
یوسف,Yousef
دری,Dorri
خالدی,Khaledi
البو عبادی,Albo'ebadi (Ebadi Mehr)
یعقوب,Yaghoub
نحفی,Najafi
بابادی,Babadi
اکبر,Akbar
لنگری,Langari
خسروی,Khosravi
یدالله,Yadollah
حاجی طاری پور,Hajitaripour
یاسین,Yasin
مجتبی,Mojtaba
وحید,Vahid
دامور,Damvar
توسلی دوست,Tavassolidoust
احتمالا,Probably
هویت شناسایی نشده,unidentified
اقبال,Eqbal
اسماعیلی,Esmaili
اصغر,Asghar
لشگری,Lashghari
اشور,Ashour
کلتا,Kalta
اشکان,Ashkan
خمره ای,Khomreyi
اسماعیل,Esmail
قلی پور,Gholipour
عرب,Arab
شجاعی,Shojayee
کتابدار,Ketabdar
هادی,Hadi
قربانی,Ghorbani
نوید,Naveed
بهبودی,Behboudi
ناصر,Naser
رضایی,Rezayee
نادر,Nader
مومنی,Momeni
بیژنوند,Bijanvand
مینا,Mina
شیخی,Sheikhi
میلاد,Milad
محققی,Mohagheghi
حمیدی,Hamidi
میثم,Meysam
مجدم,Majdam
منیعات,Maniaat
احمدی,Ahmadi
مهناز,Mahnaz
مهدی زاده,Mehdizadeh
مهرزاد,Mehrzad
مهرداد,Mehrdad
معین فر,Moinfar
دشتی نیا,Dashtinia
محمود,Mahmoud
حسابی,Hesabi
شیجانی,Sheyjani
الله,Allah
قلی,Gholi
مهراد,Mehran
زاهدی,Zahedi
تاک,Tak
مهدی,Mehdi
ولی پور,Valipour
نکویی,Nekouyee
کلوخی,Koloukhi
امجد,Amjad
سبزی,Sabzi
رودباریان,Roodbarian
دایمی,Daemi
جهانبازی,Jahanbazi
ازاده,Azadeh
ضربی,Zarbi
مرادی,Moradi
پاپی,Papi
عساکره,Asakereh
دریس,Deris
معین,Moin
مسلم پور,Moslempour
مظفر,Mozaffar
وطن دوست,Vatandoost
مصطفی,Mostafa
ابروتن,Abroutan
مسعود,Masoud
بهارلو,Baharlou
اریان,Arian
رجبی,Rajabi
مرتضی,Morteza
صادقی نادر,Sadeghinader
محمدرضا,Mohammad Reza
نیکوروان,Nikouravan
محمدی,Mohammadi
عسافی,Asafi
زرگانی,Zargani
جمشیدی,Jamshidi
اینانلو,Inanlou
الحسینی,Alhosseini
حسینی,Hosseini
محمدحسین,Mohammad Hossein
قنواتی,Ghanavati
ارمین,Armin
قادری,Ghaderi
طاهایی,Tahayee
محمدجواد,Mohammad Javad
عابدی,Abedi
محمدامین,Mohammad Amin
محمد,Mohammad
عربی,Arabi
داستانخواه,Dastankhah
خزایی,Khazayee
خالقی,Khaleghi
ارمان,Arman
نیما,Nima
حیدریان,Heydarian
حشمدار,Hashamdar
تیموری,Teymouri
پورپیرعلی,Pourpirali
پالانی,Palani
پارسا,Parsa
عزیز,Azizi
مقدم,Moghadam
نام فامیلی نامشخص,family name unidentified
محسن,Mohsen
محمدپور,Mohammadpour
ارشام,Arsham
ابراهیمی,Ebrahimi
کرمی نیا,Karaminia
جعفرپناه,Jafarpanah
ایرانشاهی,Iranshahi
مطوری,Matouri
البوعلی,Albouali
مجید,Majid
هاشمی,Hashemi
فلاحپور,Fallahpour
ارش,Arash
کهزادی,Kahzadi
مجاهد,Mojahed
الجامعی,Aljameyee
مبین,Mobin
عبداللهی,Abdollahi
عبدالله,Abdollah
گلنار,Golnar
صمصامی,Samsami
کیوان,Keyvan
یرفی,Yarfi
کوروش,Kourosh
شیدانی,Sheidani
کمال,Kamal
کاوه,Kaveh
قاسم,Ghasem
باوی,Bavi
فرهاد,Farhad
فرشاد,Farshad
حاجی پور,Hajipour
میلاسی,Milasi
اذر,Azar
میرزاپور,Mirzapour
فرزاد,Farzad
انصاری فر,Ansarifar
فرامرز,Faramarz
پورفرسادی,Pourfarsadi
علیرضا,Alireza
نیکجه,Nikjeh
نوری,Nouri
محمدزاده,Mohammadzadeh
انجوی,Anjavi
استوان,Ostovan
موسوی,Mousavi
اقاپور,Aghapour
دستجردی,Dastjerdi
فتوحی,Fotouhi
کوهساره,Kouhsareh
سرتیپی,Sartipi
رحمانی,Rahmani
دبیری,Dabiri
خواحه,Khajeh
تمیمی,Tamimi
بغلانی,Baghlani
سعدی,Sa'di
جعاوله,Jaaveleh
اقایی,Aghayee
فیروزبخت,Firouzbakht
عزیز,Aziz
اسکندری,Eskandari
فرفان,Erfan
فایقی,Faesghi
عدنان,Adnan
هلالی,Helali
عثمان,Osman
نادری,Naderi
قویمی,Ghavimi
اجرلو,Ajorlou
عبدالرضا,Abdolreza
شیرزادی,Shirzadi
ادریس,Edris
طاهر,Taher
طاهری,Taheri
الخمیس,Alkhamis
حطاوی,Hatavi
صفر,Safar
عیدی,Eydi
وندی,Vandi
صادق,Sadegh
پناهی,Panahi
شهنام,Shahnam
شکری,Shokri
شبنم,Shabnam
دیانی,Diani
سیامک,Siamak
نویدی,Navidi
سعید,Saeed
خواجه,Khajeh
شهرام,Shahram
معینی,Moinee
عرفان,Erfan
یونس,Younes
عبدالهی,Abdollahi
عبادی,Ebadi
عزیزی,Azizi
فرزامی,Farzami
منصور,Mansour
مهران,Mehran
نصیرپور,Nasirpour
فلاح,Fallah
نجفی,Najafi
